ID,nombre,flag_code,tipoActividad_code,fechaInicio,fechaFin,dueDate,descripcion
52ce04eb-7cfe-4115-88d1-58760775d758,Acciones de remediación Banco Pichincha.,047ece8f-0853-4235-be62-ce0bf492366a,67fa5f43-23ca-47cb-8d4d-aa0bd3ec1094,2025-07-01,2025-07-31,2025-02-05,Reunir requerimientos y definir historias de usuario para el primer sprint
94ee11c5-de8f-4c62-b451-f1ca1cdb39fc,Acciones de remediación Grupo Energia de Bogota GEB.,49395e0d-ad54-4672-8f79-7cfc93ddf752,67fa5f43-23ca-47cb-8d4d-aa0bd3ec1094,2025-07-01,2025-07-31,2025-02-01,Instalar y parametrizar instancias SAP S/4HANA para el equipo
cae78414-12be-4096-b232-acda68f09870,Acciones de remediación Grupo Total 99.,49395e0d-ad54-4672-8f79-7cfc93ddf752,67fa5f43-23ca-47cb-8d4d-aa0bd3ec1094,2025-07-01,2025-07-31,2025-02-18,Extraer y transformar datos para la migración inicial
7ee2b154-c08b-4654-9088-43da67934d44,Acciones de remediación BOLD CO S A S.,047ece8f-0853-4235-be62-ce0bf492366a,eaa842b3-4e39-4038-9f23-0fc33258579f,2025-07-01,2025-07-31,2025-02-22,Crear wireframes y mock-ups para aprobación de UX
64a44df9-9abf-4a98-a4bb-28cc67088651,"Acciones de remediación V. Suarez & Co, Inc.",9c00b39c-6f3b-447c-b57a-1e17259a528b,eaa842b3-4e39-4038-9f23-0fc33258579f,2025-07-01,2025-07-31,2025-02-26,Ejecutar casos de prueba end-to-end y documentar defectos
54504bcd-24be-4925-82e8-53fa2bed27f3,"Acciones de remediación Cuernavaca Business, S.A.",047ece8f-0853-4235-be62-ce0bf492366a,eaa842b3-4e39-4038-9f23-0fc33258579f,2025-07-01,2025-07-31,2025-03-05,Entrenar usuarios en procesos core y nuevos flujos de SAP
f01cfbfe-8164-400f-9db2-6981b1f87a8d,Acciones de remediación RACAFÉ & CIA S C A,49395e0d-ad54-4672-8f79-7cfc93ddf752,67fa5f43-23ca-47cb-8d4d-aa0bd3ec1094,2025-07-01,2025-07-31,2025-04-30,Realizar pasos de transición al entorno productivo
c34ec62a-e168-4859-bd9e-9f50a084bf96,Acciones de remediación Proquinal S.A.S.,047ece8f-0853-4235-be62-ce0bf492366a,67fa5f43-23ca-47cb-8d4d-aa0bd3ec1094,2025-07-01,2025-07-31,2025-05-10,Monitorear incidencias y asegurar estabilización inicial
