ID,nombrePartner,localizacion_ID,escalacionAnterior,createdAt,createdBy,modifiedAt,modifiedBy
a81f5ea8-ac4e-4afb-a7eb-98482ee78b7f,On Business Consulting S.A.S,ecb107e4-994a-4251-b014-a5165517a703,False,,,,
a369cfaf-b356-4b3a-9d76-171054e36611,MSG Global Solutions do Brasil Desenvolvimento e Consultoria em,b1cbb235-5e47-4b3b-9349-f79b0fe3552f,True,,,,
3f5bf419-777b-4fef-bad4-4dcfe3244ef0,"ABSIDE, INC",0e0f49a4-4b69-40d9-afba-1a2d321891da,False,,,,
a867213a-7c16-4848-a682-de65c7745f53,Chain Services TI. CIA. LTDA. CSTI.,20682a74-8b66-44dd-b1b3-de266fa2a139,True,,,,
4dfb8958-26d0-45c8-8752-80e57c0adad6,"NB Consulting Group, LLC",e74a27b8-e87e-4898-bdfc-5fa805d3dfab,False,,,,
e44e5889-10e7-4a75-b0df-0c9c53605073,SNP Latam-Mexico S de RL de CV,27ac8702-411b-436a-a367-fb8f9ace742b,True,,,,
10de50ce-1e24-410f-bea1-c8908fd0c81d,Softtek Renovation SAS,9d1e9fd1-34b2-45a8-ab2a-3d418e0042bb,False,,,,
6eea0fe3-ba8a-42f1-bb2d-50e187c569ec,MQA BUSINESS CONSULTANTS S.A.S.,99c341ef-d6bc-40fb-b637-53486cbfc1b0,True,,,,
