code,nombre,name,descr
de17c0a0-1c13-41c5-a88b-aacc20f5e1ab,Preferred Success PrS,Preferred Success PrS,Preferred Success PrS
424b916b-f58a-4872-8072-f0d37b46b069,Premium Support Max Attention,Premium Support Max Attention,Premium Support Max Attention
b4ce2c58-7d95-471e-bac4-770f4c000db2,Premium Support Active Attention,Premium Support Active Attention,Premium Support Active Attention
3848e71c-0580-4108-85ce-ba31ea7c227c,Enterprise Support ES,Enterprise Support ES,Enterprise Support ES
0c367299-b938-45a7-be33-dc89da093496,Enterprise Cloud Support ECS,Enterprise Cloud Support ECS,Enterprise Cloud Support ECS
b8882e79-5901-4546-bc4c-7f968e299c17,Cloud Application Services CAS,Cloud Application Services CAS,Cloud Application Services CAS
874fde64-401f-4973-acec-f7eac4169525,SAP Servicios,SAP Servicios,SAP Servicios
