ID,localizacion_ID,calificacion_ID,createdAt,createdBy,modifiedAt,modifiedBy
58cf55c3-e7fd-4046-ab62-e14a223e6d69,faa1dbc8-5ea8-43c7-88a6-cb843cc8901d,5,2025-01-10T09:00:00Z,ana.lopez,2025-01-25T11:20:00Z,maria.zapata
2b2a3d4a-3c0b-4c3b-a0c4-1888deda0f9f,a0c815f4-dcfb-4966-b49d-2504bd36b411,4,2025-01-20T14:15:00Z,maria.zapata,2025-01-30T16:40:00Z,maria.zapata
eb02d934-88a3-4ca5-a282-a0ab23221113,bb67390d-c531-4efc-80b3-455b2632cc64,3,2025-02-05T08:45:00Z,carlos.ortiz,2025-02-15T09:30:00Z,luisa.mendez
7d5dfefd-9e27-4fea-a41f-913152bb7451,2a806438-e64c-448a-9596-aa6f979ddc25,5,2025-02-12T10:10:00Z,luisa.mendez,2025-02-20T13:55:00Z,luisa.mendez
2615affc-f7bf-4d26-a314-e94cef606965,97747516-f5b9-4443-90fe-96b68bb26eb7,2,2025-02-25T11:35:00Z,juan.suarez,2025-03-05T15:05:00Z,juan.suarez
3b22994c-118c-460e-8cde-1ea1cad2a255,0e401307-7937-4e68-97bf-d97edc0e69d3,4,2025-03-10T13:25:00Z,carlos.ortiz,2025-03-18T12:45:00Z,ana.lopez
30a4ab6d-386d-4081-ba4e-bc29e8533955,217c4c8e-4765-4c10-96ac-50cbb294e57f,3,2025-03-22T09:55:00Z,maria.zapata,2025-03-30T17:20:00Z,maria.zapata
ee2e950b-2e9b-46e0-beec-7a9590eb3d04,2cbec5e3-441e-4cbe-a57b-7d82dbce1d09,5,2025-04-05T14:05:00Z,ana.lopez,2025-04-12T10:15:00Z,luisa.mendez
